0.02,0.82,-10.24,1.41
0.03,0.94,-10.12,1.65
0.03,0.59,-10,1.77
0.04,0.59,-9.89,1.77
0.05,1.06,-10,1.53
0.06,0.71,-9.77,1.77
0.06,0.94,-9.77,2.12
0.07,1.06,-9.77,1.53
0.08,0.71,-9.89,1.77
0.08,0.71,-9.77,1.77
0.09,1.06,-10,1.65
0.1,0.71,-9.89,1.29
0.1,0.71,-9.53,1.41
0.11,0.47,-9.53,1.77
0.12,0.59,-9.53,1.29
0.12,0.47,-9.65,1.53
0.13,0.94,-9.53,1.65
0.14,0.82,-9.77,1.53
0.14,0.59,-9.89,1.65
0.15,0.47,-10.12,1.53
0.16,0.82,-10.12,1.41
0.16,0.47,-10.24,1.77
0.17,0.47,-10.12,1.88
0.18,0.59,-10,1.77
0.18,0.82,-9.89,1.77
0.19,0.47,-9.89,1.53
0.2,0.35,-9.89,1.77
0.2,0.59,-9.77,1.88
0.21,0.94,-9.65,1.77
0.22,0.59,-9.41,1.77
0.22,0.94,-9.77,1.88
0.23,0.47,-9.65,2
0.24,1.06,-9.3,1.53
0.24,0.59,-9.77,1.41
0.25,0.47,-9.3,1.88
0.26,0.71,-9.77,1.65
0.26,0.82,-9.53,1.65
0.27,0.94,-10,2.24
0.28,0.82,-9.89,1.65
0.28,0.47,-10,1.41
0.29,0.47,-10,1.65
0.3,0.59,-9.89,1.65
0.3,0.47,-10,2
0.31,0.35,-9.77,1.88
0.32,0.82,-9.65,1.77
0.32,0.94,-10,1.53
0.33,0.47,-10,1.53
0.34,1.06,-10,1.88
0.34,0.59,-9.89,1.77
0.35,0.82,-10,1.77
0.36,0.71,-10,1.77
0.36,0.82,-9.41,1.29
0.37,0.35,-9.77,1.88
0.38,0.59,-9.53,1.41
0.38,0.71,-9.77,1.41
0.39,0.47,-9.89,1.53
0.4,0.59,-9.89,1.18
0.4,0.71,-10,1.41
0.41,0.71,-10,1.88
0.42,0.94,-10.12,1.41
0.42,0.35,-10.12,2
0.43,0.47,-10,1.53
0.44,0.47,-10,1.65
0.44,0.82,-10,1.88
0.45,0.24,-10,1.77
0.46,0.47,-9.77,1.53
0.46,0.35,-10,1.41
0.47,0.82,-10,1.41
0.48,0.94,-9.89,1.77
0.48,0.94,-9.89,1.77
0.49,0.94,-9.89,1.65
0.5,0.47,-9.18,1.29
0.5,0.35,-10,1.77
0.51,0.35,-9.77,1.65
0.52,0.71,-9.53,1.29
0.52,0.71,-9.77,1.29
0.53,0.71,-9.77,1.77
0.54,0.59,-9.65,1.77
0.54,0.59,-9.77,1.88
0.55,0.94,-10,1.77
0.56,0.82,-10,1.41
0.56,1.06,-9.89,1.53
0.57,0.71,-10.24,1.65
0.58,0.82,-9.89,1.77
0.58,0.47,-10.24,1.88
0.59,0.94,-10,1.88
0.6,0.59,-9.77,1.53
0.61,0.47,-9.77,2
0.61,0.94,-9.89,1.53
0.62,0.59,-9.65,1.88
0.63,0.82,-9.89,1.65
0.63,0.71,-9.77,1.88
0.64,0.47,-9.65,1.88
0.65,0.71,-9.65,1.41
0.65,0.94,-9.89,1.65
0.66,0.47,-10,1.77
0.67,0.82,-10.12,1.41
0.67,0.59,-10,1.88
0.68,0.71,-9.89,2
0.69,0.47,-10.12,1.53
0.69,0.59,-10,1.53
0.7,0.59,-10,1.88
0.7,0.71,-10,1.88
0.71,1.06,-10,1.41
0.72,0.82,-10,1.77
0.73,0.59,-9.89,1.29
0.73,0.47,-9.89,1.88
0.74,0.82,-9.77,1.29
0.75,0.94,-9.65,1.29
0.75,0.94,-9.89,1.77
0.76,0.82,-9.18,1.65
0.76,1.06,-9.18,1.53
0.77,0.94,-9.41,1.41
0.78,0.71,-9.18,1.41
0.79,0.82,-9.53,1.29
0.79,0.71,-9.77,1.41
0.8,0.47,-9.65,1.53
0.81,0.47,-10,1.77
0.81,0.71,-10,1.88
0.82,0.59,-10.24,1.77
0.83,0.35,-9.89,1.77
0.83,0.82,-10.12,1.88
0.84,0.82,-10,1.53
0.85,0.59,-10.12,1.77
0.85,0.59,-10.36,1.77
0.86,0.71,-10.47,2
0.87,0.47,-10.47,2.24
0.87,0.59,-10.47,2
0.88,0.59,-10.36,1.53
0.89,0.71,-9.77,1.77
0.89,0.82,-9.06,1.41
0.9,0.71,-8.83,1.41
0.91,0.59,-8.59,1.18
0.91,0.59,-8.83,1.41
0.92,0.59,-9.3,1.65
0.93,0.47,-9.06,1.41
0.93,0.82,-9.77,2
0.94,0.82,-10.12,1.65
0.95,1.06,-10.24,1.88
0.95,0.59,-10.24,1.77
0.96,0.94,-10.36,2.12
0.97,0.71,-10.36,2
0.97,0.59,-10,1.65
0.98,0.59,-9.89,1.65
0.99,0.71,-9.3,1.41
0.99,0.71,-8.59,1.18
1,0.59,-9.06,1.77
1.01,0.71,-8.94,2
1.01,0.82,-9.53,1.41
1.02,0.59,-9.77,1.88
1.03,0.71,-10.24,2.12
1.03,0.71,-10.12,1.53
1.04,0.71,-10.24,2
1.05,0.24,-10.24,1.88
1.05,0.94,-10,1.29
1.06,0.71,-10.24,1.65
1.07,0.59,-9.89,1.53
1.07,0.71,-9.53,1.88
1.08,0.59,-9.53,1.29
1.09,0.82,-9.41,1.65
1.09,0.59,-9.18,1.77
1.1,0.71,-9.18,1.41
1.11,0.59,-9.53,1.53
1.11,0.82,-8.94,1.65
1.12,0.71,-9.3,1.53
1.13,0.59,-9.89,1.53
1.13,1.06,-9.89,1.29
1.14,0.71,-10,1.77
1.15,0.59,-10.24,1.29
1.15,0.71,-10.24,1.88
1.16,0.71,-10.24,2.35
1.17,0.71,-10.12,2.24
1.17,0.71,-10.36,2
1.18,0.47,-10.36,1.53
1.19,0.71,-10.36,1.53
1.2,0.82,-10.24,1.53
1.2,0.94,-10,1.29
1.21,0.59,-10.12,1.77
1.22,0.71,-9.41,1.88
1.22,0.94,-9.3,1.53
1.23,0.71,-9.41,1.53
1.23,0.59,-9.3,1.53
1.24,0.59,-9.3,1.65
1.25,0.59,-9.3,1.77
1.25,0.71,-9.77,1.77
1.26,0.94,-9.65,1.53
1.27,0.59,-9.89,1.65
1.27,0.71,-10.12,1.53
1.28,0.94,-10.24,2
1.29,0.94,-10.24,1.65
1.29,0.82,-10.24,1.41
1.3,0.24,-10.24,0.12
1.31,0.94,-10.24,1.53
1.32,0.94,-10.47,1.41
1.32,0.71,-10.12,1.88
1.33,0.59,-10,1.77
1.34,0.71,-10,1.53
1.34,0.71,-9.89,1.77
1.35,0.82,-9.53,1.41
1.36,0.59,-9.18,1.77
1.36,0.94,-8.94,1.53
1.37,0.94,-9.18,1.53
1.38,0.35,-9.06,1.53
1.38,0.82,-9.18,1.41
1.39,0.82,-9.53,1.53
1.39,0.82,-9.77,1.53
1.4,0.82,-10,1.77
1.41,0.59,-10.12,1.53
1.42,0.47,-10.24,1.41
1.42,0.35,-10.12,1.88
1.43,1.18,-10,1.53
1.44,0.47,-10.36,1.53
1.44,0.47,-10.24,1.77
1.45,0.47,-10.12,1.88
1.46,0.71,-10.12,1.65
1.46,0.82,-10.12,1.41
1.47,0.71,-9.77,1.18
1.48,0.71,-9.65,1.18
1.48,1.06,-9.65,1.29
1.49,0.47,-9.3,1.29
1.5,0.59,-8.94,1.77
1.5,0.82,-9.41,1.65
1.51,0.59,-9.41,2.12
1.52,0.82,-9.41,1.41
1.52,0.71,-9.77,1.41
1.53,0.59,-10,1.53
1.54,0.59,-10.12,1.77
1.54,0.82,-10.24,2.12
1.55,0.59,-10.12,1.53
1.56,0.59,-10,1.88
1.56,0.71,-10.12,1.88
1.57,0.94,-10.24,1.77
1.58,0.82,-10.12,1.53
1.58,0.71,-10.12,1.77
1.59,0.59,-9.65,1.88
1.6,0.82,-9.77,1.18
1.6,0.59,-9.89,1.18
1.61,0.59,-9.65,1.65
1.62,0.82,-9.41,1.77
1.62,0.82,-9.3,0
1.63,0.94,-9.18,1.53
1.64,0.59,-8.94,1.88
1.64,0.59,-9.3,1.88
1.65,0.47,-9.53,1.65
1.66,0.82,-9.77,1.88
1.66,0.82,-10,1.65
1.67,0.71,-10.12,1.18
1.68,0.35,-10.12,1.18
1.68,0.47,-10.24,2
1.69,0.59,-10,1.41
1.7,0.82,-10.24,1.77
1.7,0.94,-10.24,2.12
1.71,0.47,-10.12,1.88
1.72,0.47,-9.89,1.53
1.72,0.82,-9.89,1.41
1.73,0.59,-9.89,1.88
1.74,0.71,-9.65,1.18
1.74,0.59,-9.53,1.77
1.75,0.82,-9.41,1.29
1.76,0.59,-9.41,1.41
1.76,0.35,-9.3,1.88
1.77,0.82,-9.65,1.29
1.78,0.94,-9.77,1.65
1.78,0.71,-9.89,1.77
1.79,0.71,-9.77,1.53
1.8,0.12,-9.89,1.29
1.8,0.94,-10.24,1.53
1.81,0.82,-10.12,2.12
1.82,0.94,-10.24,1.77
1.82,1.06,-10.36,2
1.83,0.59,-10.12,2
1.84,0.71,-10.24,2.12
1.85,0.82,-10.12,1.77
1.85,0.71,-10.24,1.53
1.86,0.71,-10.12,1.41
1.86,0.82,-9.65,1.53
1.87,0.59,-9.77,1.65
1.88,0.71,-9.53,1.06
1.88,0.47,-9.41,1.41
1.89,0.35,-9.41,1.65
1.9,0.59,-9.18,1.77
1.9,0.71,-9.65,1.53
1.91,0.82,-9.53,1.41
1.92,0.71,-9.89,1.41
1.92,0.59,-9.89,1.77
1.93,0.94,-9.89,1.77
1.94,1.06,-10.24,1.88
1.95,0.35,-10.24,2.12
1.95,0.71,-10.24,1.77
1.96,0.71,-10.12,2
1.97,0.71,-10.24,1.41
1.97,0.82,-10.24,1.53
1.98,0.47,-10.12,1.53
1.99,0.59,-10.12,1.41
1.99,0.71,-9.77,1.41
2,0.47,-9.77,1.65
2.01,0.82,-9.3,1.41
2.01,0.59,-8.71,1.53
2.02,0.82,-8.59,1.29
2.03,0.59,-8.59,1.41
2.03,0.71,-8.83,1.88
2.04,0.82,-9.3,1.41
2.05,0.82,-9.89,1.88
2.05,0.59,-10,1.29
2.06,0.82,-10.12,2
2.07,0.59,-10.24,1.53
2.07,0.94,-10,1.53
2.08,0.47,-9.89,1.41
2.09,0.59,-9.06,1.41
2.09,0.24,-7.3,1.41
2.1,0.71,-5.53,0.59
2.11,0.59,-4.47,0.59
2.11,0.59,-0.47,-0.12
2.12,0.59,0.47,0
2.13,1.29,-1.29,0.12
2.13,0.82,-0.47,-0.35
2.14,0.24,-7.18,0.94
2.15,-0.82,-8.59,0.94
2.15,0.12,-6,0.24
2.16,0.47,-5.53,-0.12
2.17,0.24,-5.65,0
2.17,-0.94,-1.53,-0.82
2.18,-1.53,-1.06,-1.06
2.19,-1.65,-4.47,-0.82
2.19,-2.35,-2.71,-1.41
2.2,-3.3,-4.35,-1.65
2.21,-5.53,-8,-1.06
2.21,-7.06,-7.06,-1.18
2.22,-6.35,-9.65,-1.18
2.23,-3.41,-14.59,-1.29
2.23,-2.94,-12.12,-0.94
2.24,-2.47,-14.71,-0.71
2.25,-2.12,-17.65,0.12
2.25,-1.53,-13.65,-1.06
2.26,-1.29,-12.94,-1.65
2.27,0.24,-22.71,0.59
2.27,1.18,-17.06,-0.71
2.28,1.53,-18.12,-0.12
2.29,3.18,-25.07,1.06
2.29,5.41,-18.59,-0.47
2.3,6.59,-20.12,0.35
2.31,7.88,-25.77,1.77
2.31,11.3,-22.83,0.71
2.32,16.83,-31.42,2.35
2.33,30.24,-42.25,3.41
2.33,29.77,-158.63,-0.47
2.34,27.77,-121.68,7.3
2.35,26.71,-79.32,-30.13
2.36,4.24,-189.11,-9.89
2.36,-4,-46.48,-35.19
2.37,-4.59,58.6,-104.62
2.38,-29.42,68.73,-49.19
2.38,-26.95,26.6,-25.18
2.39,-19.42,148.63,-59.78
2.4,-30.36,112.03,-27.77
2.4,-18.48,114.62,-30.95
2.41,-18.01,187.7,-61.9
2.42,-10,93.56,-48.37
2.42,2.71,36.25,-37.54
2.43,9.89,5.18,-30.24
2.44,7.06,8,-49.31
2.44,11.3,-135.8,-50.13
2.45,8.59,-140.75,-23.65
2.46,6.71,-146.16,-10.47
2.46,13.06,-227.83,7.65
2.47,9.3,-195.35,0.82
2.48,7.65,-124.51,-9.3
2.49,8.71,-138.27,-9.77
2.49,3.77,-121.21,-11.3
2.5,-9.18,-35.42,-28.95
2.51,14,76.61,-47.66
2.51,-11.18,68.84,-33.19
2.52,-11.77,113.44,-29.54
2.53,-2,149.22,-38.6
2.53,-10.83,176.76,-49.31
2.54,-2.71,175.46,-47.19
2.55,-9.89,150.75,-44.84
2.55,-3.65,73.08,-37.3
2.56,1.18,17.89,-28.95
2.57,0.59,2.47,-26.71
2.57,4.82,-45.07,-4.59
2.58,-4.24,-202.76,11.89
2.59,4.47,-140.39,-0.82
2.59,3.18,-151.69,-3.3
2.6,7.18,-217.71,11.06
2.61,7.65,-150.63,0.24
2.61,7.06,-114.5,-7.65
2.62,5.77,-122.98,-6
2.63,1.29,-60.02,-17.18
2.63,-0.47,-20.83,-21.18
2.64,7.41,88.5,-46.95
2.65,-8.71,64.96,-27.18
2.66,-9.06,169.93,-73.79
2.66,-4.71,129.68,-32.95
2.67,-14,160.99,-44.01
2.68,-5.3,151.92,-40.95
2.68,-9.77,134.86,-42.84
2.69,-4,49.31,-29.89
2.7,3.41,10.94,-23.07
2.7,1.41,-2.24,-25.07
2.71,0.71,-70.96,-28.71
2.72,7.3,-176.05,18.71
2.72,7.88,-121.09,-2
2.73,10.24,-159.46,8.47
2.74,10.24,-191.58,12.47
2.74,2.82,-126.04,-1.29
2.75,4.59,-117.92,-2.71
2.76,4.35,-114.27,-6.24
2.76,2.71,-32.36,-15.65
2.77,12,21.65,-35.89
2.78,0.12,81.08,-38.6
2.79,-7.41,72.02,-23.42
2.79,-5.77,176.87,-48.01
2.8,-10.94,110.62,-27.54
2.81,-3.77,132.51,-32.48
2.81,-7.41,134.98,-38.36
2.82,-8.94,68.25,-27.42
2.83,-5.3,38.25,-23.54
2.83,1.65,13.18,-20.48
2.84,3.53,-19.18,-17.06
2.85,11.3,-108.03,5.06
2.85,7.53,-124.62,2.47
2.86,8.47,-127.8,3.3
2.87,10.59,-166.52,9.3
2.87,9.89,-151.69,7.3
2.88,8,-108.03,-1.88
2.89,8,-108.97,-2.12
2.89,5.88,-88.26,-10.12
2.9,1.06,-27.77,-15.53
2.91,1.65,31.77,-18.71
2.91,3.18,86.14,-31.89
2.92,-6,84.02,-24.71
2.93,-7.06,129.92,-32.83
2.93,-6,125.56,-31.19
2.94,-7.77,123.09,-29.89
2.95,-4.35,103.68,-29.89
2.96,-2.24,55.31,-23.42
2.96,-0.82,25.3,-20.95
2.97,1.77,7.77,-18.01
2.98,3.3,-56.25,-15.3
2.98,7.06,-123.09,4.47
2.99,6.12,-109.32,4.47
3,8.12,-126.04,7.65
3,8.47,-158.63,13.53
3.01,8.36,-128.98,5.06
3.02,6.24,-104.15,0.82
3.02,5.65,-95.09,-2.24
3.03,3.65,-42.6,-11.18
3.04,0.94,-11.41,-16.83
3.04,-0.47,37.89,-22.59
3.05,-8.83,96.26,-31.19
3.06,-4.94,84.38,-20.59
3.06,-6.12,121.33,-29.77
3.07,-7.53,111.09,-25.65
3.08,-4.35,110.15,-24.71
3.08,-5.18,80.61,-24.01
3.09,-2.24,49.31,-20.12
3.1,1.29,15.77,-15.53
3.1,2.59,-4.35,-15.77
3.11,2.94,-84.61,-0.71
3.12,4.94,-102.73,5.3
3.13,4.82,-102.73,5.3
3.13,7.3,-124.74,10.36
3.14,6.47,-137.33,10.12
3.15,6.47,-106.38,3.77
3.15,5.88,-97.32,2.12
3.16,5.06,-75.2,-1.53
3.17,1.41,-30.01,-8.83
3.17,-3.77,7.65,-5.18
3.18,-2.47,49.19,-19.06
3.19,-4.82,89.79,-25.42
3.19,-4.94,72.26,-18.24
3.2,-7.53,116.5,-27.65
3.21,-6.59,102.97,-23.54
3.21,-4.12,92.38,-20.95
3.22,-3.06,62.61,-18.71
3.23,-1.65,39.54,-20.59
3.23,2.35,5.53,-14.24
3.24,-1.53,-20.24,-8.71
3.25,3.06,-86.14,3.3
3.25,4.47,-91.2,3.18
3.26,3.41,-98.03,6.12
3.27,5.77,-126.15,9.41
3.27,5.3,-119.21,8.12
3.28,5.77,-98.5,4.47
3.29,5.18,-86.38,0.71
3.3,2.71,-56.84,-3.65
3.3,0.82,-30.6,-9.53
3.31,3.77,16.36,-19.77
3.31,-5.18,54.49,-19.53
3.32,-5.88,81.2,-20.95
3.33,-2.94,68.73,-15.89
3.34,-7.53,111.21,-25.77
3.34,-4.47,88.5,-20.83
3.35,-2.47,77.79,-20.48
3.36,-2.71,51.43,-15.65
3.36,0.12,31.42,-14.47
3.37,3.53,-1.53,-11.65
3.38,0.24,-57.66,3.06
3.38,4.47,-79.32,6
3.39,4.59,-90.73,7.65
3.4,5.3,-96.26,5.53
3.4,5.3,-126.86,11.65
3.41,5.65,-101.2,6.94
3.42,5.3,-85.32,2.12
3.42,5.06,-77.2,1.77
3.43,2.35,-40.36,-4
3.44,-0.24,-14.59,-9.18
3.44,-1.29,22.48,-17.3
3.45,-3.77,62.96,-18.36
3.46,-3.77,89.91,-25.18
3.46,-3.65,64.49,-12.71
3.47,-6.12,100.97,-22.83
3.48,-4.12,74.49,-17.42
3.48,-2.82,67.08,-18.59
3.49,-4,39.89,-14.83
3.5,1.29,17.42,-12.36
3.51,1.88,0.35,-11.18
3.51,2.47,-71.08,3.77
3.52,3.88,-71.43,3.41
3.53,4.59,-85.91,7.65
3.53,3.88,-96.26,9.06
3.54,5.3,-115.33,11.53
3.55,4.71,-88.38,5.18
3.55,4.24,-81.91,4.82
3.56,3.77,-63.19,2.82
3.57,1.88,-27.07,-5.77
3.57,0.59,2.12,-8.59
3.58,-1.65,23.77,-10.47
3.59,-3.3,80.49,-22.95
3.59,-1.65,70.73,-17.65
3.6,-0.35,72.14,-14.36
3.61,-7.3,83.55,-18.24
3.61,-3.3,61.78,-13.3
3.62,-1.65,55.31,-14.36
3.63,-0.47,31.42,-11.3
3.63,1.18,11.65,-9.89
3.64,2.59,-10,-8.36
3.65,3.88,-76.61,4.47
3.65,3.3,-72.96,4.47
3.66,3.88,-87.32,8
3.67,4,-94.85,8.83
3.67,4,-103.79,10.83
3.68,3.06,-83.91,5.41
3.69,3.77,-74.26,4
3.69,2,-48.6,-0.12
3.7,1.29,-21.77,-4.12
3.71,1.18,8.94,-6.59
3.71,-0.94,26.24,-8
3.72,-9.06,66.72,-17.65
3.73,0.12,61.19,-14.59
3.73,-2.24,78.61,-16.95
3.74,-7.65,85.67,-14.36
3.75,-1.18,51.54,-11.3
3.76,-2.71,46.48,-13.89
3.76,-0.47,22.36,-9.3
3.77,1.65,9.06,-8.83
3.78,1.53,-46.37,-2.94
3.78,3.06,-59.31,2.82
3.79,2.94,-68.02,5.18
3.8,3.65,-84.14,9.06
3.8,4.35,-96.38,11.53
3.81,4.71,-93.08,10
3.82,3.53,-74.26,6.35
3.82,3.3,-63.08,3.53
3.83,2.82,-44.13,0.94
3.84,0.59,-10,-4.35
3.84,1.06,12.59,-4.47
3.85,-0.35,23.54,-10.12
3.86,-3.65,79.32,-21.18
3.86,-0.35,50.48,-10.47
3.87,-5.65,81.79,-19.42
3.88,-4.94,70.84,-15.53
3.88,-0.71,45.42,-11.41
3.89,-1.53,36.13,-10.94
3.9,-0.12,22.83,-8.71
3.9,2.94,0.82,-6.12
3.91,3.41,-71.9,6.71
3.92,2.47,-51.07,2.47
3.92,3.65,-76.02,6.24
3.93,4.47,-85.08,8.71
3.94,4.59,-91.79,10.12
3.94,4.24,-77.9,7.41
3.95,3.41,-69.9,6.35
3.96,2,-50.01,2.59
3.96,0.82,-28.6,-1.06
3.97,0.82,-3.06,-4.35
3.98,0.12,11.53,-6.12
3.98,-3.18,30.83,-8.12
3.99,-3.06,77.32,-19.89
4,-0.35,44.95,-8.83
4,-3.77,66.49,-14.24
4.01,-5.06,57.55,-13.06
4.02,-1.29,36.13,-8.24
4.03,-2.24,34.13,-9.77
4.03,0.35,16.24,-8.71
4.04,0.35,-20.36,0.71
4.05,2.35,-63.43,4.94
4.05,2.94,-50.96,3.18
4.06,4,-70.73,5.18
4.07,4,-79.79,10.59
4.07,4.24,-82.14,9.18
4.08,3.53,-70.49,6.83
4.09,3.3,-62.02,4.94
4.09,2.47,-47.54,2.82
4.1,1.18,-16.95,-2.24
4.11,0.59,3.88,-4
4.11,0.35,10.94,-4.94
4.12,-3.41,43.31,-11.53
4.13,-1.65,63.19,-14.83
4.13,-1.88,42.84,-7.53
4.14,-2.71,66.84,-14.95
4.15,-3.3,44.13,-9.41
4.15,-0.94,34.01,-7.41
4.16,-0.47,27.42,-8.94
4.17,1.18,4.24,-5.65
4.17,2,-18.48,-0.82
4.18,2.12,-52.96,4.59
4.19,2.82,-63.08,6.47
4.19,3.18,-65.78,7.53
4.2,3.18,-82.02,10.24
4.21,3.3,-73.9,8.12
4.21,2.94,-64.96,6
4.22,2.47,-58.25,4.82
4.23,1.77,-36.25,1.18
4.23,0.82,-7.65,-2.59
4.24,-0.12,4.59,-3.06
4.25,-0.71,17.3,-4.82
4.25,-3.88,59.9,-14.71
4.26,-1.88,62.25,-14.59
4.27,-3.06,39.89,-6.47
4.28,-2,61.43,-14
4.28,-2.35,46.37,-10.12
4.29,-0.35,26.95,-7.3
4.3,0.24,15.53,-6.47
4.3,0.82,3.41,-5.3
4.31,1.65,-45.66,3.65
4.32,2.24,-44.37,3.3
4.32,2.59,-60.37,6.35
4.33,3.41,-64.84,6.47
4.34,3.53,-79.32,9.53
4.34,3.41,-68.96,7.65
4.35,3.3,-59.55,6.12
4.36,2.47,-49.9,4.35
4.36,1.41,-33.54,0
4.37,0.47,-6.24,-2.24
4.38,0.24,8.71,-3.06
4.38,0.24,15.3,-5.18
4.39,-3.06,52.72,-12
4.4,-1.18,51.07,-10.83
4.4,-2.59,40.6,-6.71
4.41,-2.47,54.6,-11.65
4.42,-1.53,36.6,-8.24
4.42,-0.35,19.3,-5.41
4.43,-0.24,12,-5.3
4.44,0.94,-7.3,-2.24
4.44,0.94,-49.54,5.06
4.45,2.24,-41.66,3.06
4.46,2.71,-60.25,5.77
4.46,2.94,-68.02,8.36
4.47,3.53,-72.96,8.83
4.48,3.3,-60.96,6
4.48,2.59,-52.01,4.71
4.49,2.35,-45.07,4
4.5,1.41,-21.42,0.24
4.5,0.47,1.29,-3.06
4.51,-0.12,10.47,-3.3
4.52,-1.41,21.18,-4.59
4.52,-3.18,58.37,-13.42
4.53,-1.65,53.07,-8.12
4.54,-2.24,35.54,-6.35
4.54,-2.12,46.6,-10.71
4.55,-1.06,28.71,-6.71
4.56,-0.12,17.18,-4.82
4.56,0.59,2.35,-3.41
4.57,1.65,-36.72,2
4.58,1.88,-37.89,2.35
4.59,2.82,-55.43,6.12
4.59,2.47,-57.78,7.06
4.6,3.41,-66.37,8.24
4.6,3.53,-63.9,7.65
4.61,2.94,-55.9,6.12
4.62,2.35,-48.01,4.71
4.63,1.88,-33.3,2.24
4.63,1.18,-12.83,-0.59
4.64,0.71,1.77,-2.24
4.65,0.71,11.3,-3.88
4.65,-2.47,32.95,-7.88
4.66,-0.82,53.19,-12.12
4.67,-2,40.48,-6.94
4.67,-2.35,37.19,-6.83
4.68,-1.06,40.01,-8.47
4.69,-0.94,26.01,-5.77
4.69,0.24,10.71,-4
4.7,1.18,-1.18,0.82
4.71,1.41,-40.36,5.06
4.71,2.47,-34.83,2.94
4.72,2.35,-54.96,6.83
4.73,2.59,-56.49,6.59
4.73,2.71,-62.84,8
4.74,2.82,-60.84,6.94
4.75,2.35,-52.49,5.65
4.75,2,-39.66,3.53
4.76,1.65,-23.07,1.18
4.77,1.29,-10.24,-0.59
4.77,0.12,8.59,-2.82
4.78,-0.47,16,-3.53
4.79,-2.12,34.01,-7.41
4.79,-0.35,48.48,-10.12
4.8,-1.29,34.36,-5.77
4.81,-1.65,33.77,-6.35
4.81,-0.82,31.66,-7.18
4.82,-0.47,18.48,-4.94
4.83,0.82,8.24,-3.77
4.83,0.94,-17.65,-1.06
4.84,1.41,-30.83,2.35
4.85,1.88,-38.13,3.18
4.85,2.59,-52.72,6.47
4.86,2.47,-59.66,7.53
4.87,2.59,-58.6,6.94
4.87,2.71,-56.02,6.94
4.88,1.88,-44.25,4.94
4.89,1.88,-35.07,2.94
4.89,0.94,-19.89,1.65
4.9,0.35,-1.53,-1.65
4.91,0.24,9.18,-1.77
4.92,-0.82,18.24,-2.94
4.92,-1.88,41.19,-8.36
4.93,-0.59,43.66,-8.71
4.94,-2.24,33.07,-5.3
4.94,-1.41,30.13,-6.12
4.95,-0.59,27.18,-5.65
4.96,-0.24,16.12,-4.82
4.96,1.29,-1.41,-2.71
4.97,1.53,-37.07,4
4.98,2,-25.18,1.53
4.98,2.35,-50.6,5.41
4.99,2.47,-52.13,5.77
5,2.12,-57.66,7.65
5,2.47,-54.37,6.47
5.01,2.71,-48.6,5.65
5.02,1.88,-40.36,4.24
5.02,1.65,-26.36,1.88
5.03,0.59,-11.65,0.24
5.04,0.35,0.47,-1.41
5.04,1.06,10,-2.71
5.05,-2.12,26.36,-5.18
5.06,-1.53,39.07,-8.12
5.06,-0.71,37.19,-7.18
5.07,-1.77,28.95,-5.3
5.08,-0.94,26.24,-4.82
5.08,-0.47,19.3,-4.71
5.09,0.47,7.88,-3.53
5.1,0.59,-5.65,0.35
5.1,0.71,-32.6,4.24
5.11,1.88,-35.42,3.65
5.12,2.35,-48.84,6.24
5.12,2.24,-52.01,6.94
5.13,2.35,-50.96,6.12
5.14,2.59,-52.13,6.24
5.14,2.24,-44.48,4.94
5.15,1.77,-31.42,2.71
5.16,1.41,-22.71,1.65
5.16,0.71,-9.18,-0.35
5.17,-0.47,7.77,-1.88
5.18,-0.71,11.06,-2.12
5.18,-2.24,27.54,-5.3
5.19,-0.12,37.78,-7.77
5.2,-0.94,34.01,-4.94
5.2,-1.41,26.12,-4.24
5.21,-0.47,20.24,-3.88
5.22,-0.35,13.18,-3.41
5.22,0.82,4.35,-2.71
5.23,1.18,-31.42,2.47
5.24,1.41,-22.24,1.88
5.24,2.35,-40.83,4.24
5.25,2.12,-45.31,4.82
5.26,2.24,-52.37,6.83
5.26,2.24,-48.6,5.41
5.27,1.88,-47.19,5.65
5.28,1.77,-36.72,4.59
5.28,1.77,-27.07,2.35
5.29,1.18,-15.06,0.82
5.3,0.59,-0.47,-1.53
5.3,0.24,8.94,-1.06
5.31,-0.71,16.24,-2.59
5.32,-1.41,32.6,-6.35
5.32,0.12,34.6,-6.83
5.33,-1.53,27.54,-4.82
5.34,-0.82,20.95,-3.77
5.34,-0.24,16.48,-2.94
5.35,0,9.18,-2.71
5.36,0.94,-9.41,1.29
5.36,1.29,-34.01,4.71
5.37,1.88,-23.89,1.77
5.38,2,-44.37,5.65
5.39,2.24,-44.6,5.3
5.39,2,-48.01,5.77
5.4,2.12,-46.95,5.3
5.41,2.12,-43.19,4.82
5.41,1.53,-32.13,3.88
5.42,1.18,-19.65,1.88
5.43,0.82,-12,0.12
5.43,-0.12,2.82,-1.53
5.44,-0.12,9.41,-2.24
5.45,-1.53,17.89,-4
5.45,-1.29,31.66,-6
5.46,-0.59,29.89,-4.94
5.47,-1.29,20.83,-3.65
5.47,-0.59,17.65,-2.94
5.48,-0.24,11.77,-2.94
5.49,0,1.53,-2.24
5.49,0.24,-20.36,4.47
5.5,1.41,-22.24,1.88
5.51,1.29,-40.25,5.06
5.51,2.24,-40.01,4.82
5.52,2.35,-48.37,6.83
5.53,2.24,-44.25,5.53
5.53,2.12,-44.01,6
5.54,1.77,-35.66,3.65
5.55,1.53,-24.48,2.47
5.55,1.06,-16.71,1.29
5.56,0.47,-4.35,-0.12
5.57,0.59,8,-1.53
5.57,-0.59,10.24,-1.53
5.58,-2.12,23.77,-4.12
5.59,-0.24,30.83,-5.88
5.59,-0.71,27.3,-4.59
5.6,-0.71,18.36,-2.82
5.61,-0.24,12.12,-2.47
5.61,0,8.59,-2.35
5.62,0.59,-3.3,-0.47
5.63,0.94,-28.36,3.77
5.64,1.53,-20.59,1.53
5.64,2,-39.89,5.06
5.65,2,-42.25,5.77
5.66,2.12,-45.19,6.59
5.66,2.12,-42.48,5.77
5.67,1.88,-37.3,4.71
5.68,1.88,-31.89,2
5.68,1.18,-20.83,2.12
5.69,0.59,-10.12,0.94
5.7,0.35,-1.53,-1.18
5.7,0,8,-1.53
5.71,-0.59,14.59,-2
5.72,-1.53,23.89,-4.12
5.72,-0.12,28.01,-4.35
5.73,-1.18,21.06,-3.65
5.74,-1.29,15.18,-2.24
5.74,-0.12,9.06,-1.77
5.75,0.59,2.24,-0.94
5.76,0.47,-24.48,2.35
5.76,1.06,-22.71,2.82
5.77,1.65,-33.07,4.12
5.78,1.88,-36.25,4.71
5.78,1.77,-43.31,6
5.79,2,-40.25,5.18
5.8,2,-39.07,4.94
5.8,1.88,-33.54,4
5.81,1.41,-24.48,2.59
5.82,1.18,-13.89,0.94
5.82,0.82,-6.71,0.12
5.83,0.12,5.18,-1.18
5.84,1.53,9.41,-2
5.84,-1.06,16.36,-3.18
5.85,-0.82,26.01,-5.06
5.86,0,22.83,-4
5.86,-1.29,17.06,-2.35
5.87,-0.47,9.06,-1.41
5.88,0.24,4.35,-1.29
5.88,0.35,-1.65,-0.71
5.89,0.94,-26.12,2.94
5.9,1.41,-23.18,2.59
5.9,1.41,-35.19,4.35
5.91,1.88,-37.42,4.94
5.92,2.12,-39.89,4.94
5.92,2,-38.6,4.94
5.93,2.24,-35.3,4.59
5.94,1.77,-27.89,3.06
5.94,1.41,-20.71,2.35
5.95,0.24,-11.06,0.94
5.96,0.12,-0.12,-0.71
5.96,0.24,6.59,-1.18
5.97,0,9.41,-0.24
5.98,-1.65,21.06,-3.41
5.98,-0.82,24.71,-4.35
5.99,-0.35,20.01,-3.06
6,-0.59,10.83,-2
6,0,6.35,-1.06
6.01,0.35,0.82,-1.06
6.02,1.29,-17.42,2.12
6.02,0.94,-22.36,2.94
6.03,1.53,-27.77,3.18
6.04,1.88,-33.42,4.12
6.04,1.77,-38.48,5.18
6.05,1.88,-37.3,4.94
6.06,1.65,-35.89,4.82
6.07,1.53,-32.13,4.24
6.07,1.29,-24.01,2.94
6.08,1.06,-14.47,1.06
6.09,0.71,-8.24,0.82
6.09,0.35,2.47,-1.18
6.1,-0.24,8.24,-1.53
6.11,0.12,10.24,-1.88
6.11,-1.06,20.95,-3.53
6.12,0.24,21.77,-3.88
6.13,-0.12,16.24,-3.18
6.13,-0.12,7.18,-1.53
6.14,0.47,1.88,-0.82
6.15,0.24,-2.71,0.35
6.15,1.06,-21.3,2.82
6.16,1.29,-21.42,2.71
6.17,1.77,-30.36,4
6.17,2,-34.01,4.35
6.18,1.88,-36.95,5.06
6.19,2.12,-35.3,4.24
6.19,1.77,-33.07,4.71
6.2,1.53,-26.6,3.41
6.21,1.41,-17.42,2.12
6.21,0.71,-11.89,1.41
6.22,0.47,-2.12,0.12
6.23,-0.12,6.47,-1.06
6.23,-0.59,8.94,-1.29
6.24,-1.29,14.36,-2.12
6.25,-1.06,21.06,-3.18
6.25,0.12,18.83,-3.06
6.26,-0.12,9.65,-1.65
6.27,0.12,2.82,-0.59
6.27,0.35,-0.59,-0.35
6.28,0.82,-13.42,1.88
6.29,1.18,-20.59,2.59
6.29,1.53,-24.71,3.3
6.3,1.77,-31.66,4.12
6.31,1.88,-35.77,4.71
6.31,1.88,-34.72,5.06
6.32,1.65,-33.07,4.59
6.33,1.88,-28.71,3.53
6.33,1.29,-22.95,2.82
6.34,1.06,-14.83,1.77
6.35,0.47,-6.12,0.82
6.35,0,0.47,-0.12
6.36,-0.24,6.71,-0.82
6.37,0,9.06,-0.35
6.37,-0.94,14.71,-2
6.38,-0.59,19.18,-3.41
6.39,0,12.24,-2.12
6.39,-0.12,6,-1.06
6.4,0.35,-0.12,-0.12
6.41,0.47,-7.77,0.94
6.41,0.94,-15.77,2
6.42,1.53,-21.54,2.94
6.43,1.65,-29.07,3.41
6.43,1.65,-31.89,4.35
6.44,1.65,-33.77,4.47
6.45,1.77,-32.36,4.82
6.45,1.53,-30.48,3.65
6.46,1.18,-25.07,3.18
6.47,0.59,-17.06,1.88
6.47,0.59,-12.12,1.41
6.48,0.35,-3.41,0.71
6.49,0.12,4.35,-0.59
6.5,0,6.71,-0.82
6.5,0.47,9.18,-1.29
6.51,-1.06,16.48,-2.71
6.51,-0.12,16.59,-3.06
6.52,-0.12,8.47,-1.53
6.53,0,1.06,-0.24
6.53,0.24,-2.94,0.59
6.54,0.94,-10.36,1.53
6.55,1.06,-20.48,2.71
6.55,1.29,-23.42,3.06
6.56,1.53,-29.54,3.88
6.57,1.53,-32.13,4.47
6.57,1.77,-32.6,4.24
6.58,1.65,-30.48,3.77
6.59,1.53,-26.71,3.53
6.59,1.29,-21.89,3.18
6.6,1.18,-14.36,1.88
6.61,0.47,-6.83,0.82
6.62,0.24,-1.18,-0.12
6.62,0.12,5.06,-0.82
6.63,-0.12,8.24,-1.18
6.64,0.12,9.89,-2.24
6.64,-0.71,15.53,-2.47
6.65,0.24,11.65,-2.35
6.66,0.12,5.53,-0.82
6.66,0.35,-2.24,0.59
6.67,0.82,-7.18,1.06
6.68,0.82,-11.65,1.06
6.68,1.06,-21.42,2.59
6.69,2,-26.12,3.41
6.7,1.88,-29.3,4.12
6.7,1.77,-31.42,4.59
6.71,1.77,-30.01,4
6.72,1.77,-28.36,3.65
6.72,1.29,-23.42,3.06
6.73,1.06,-16.71,2.35
6.74,0.82,-11.89,1.88
6.74,0.82,-4.47,0.71
6.75,0.24,2.24,-0.12
6.76,-0.12,5.41,-0.47
6.76,-0.59,8.47,-0.94
6.77,-0.71,11.18,-1.88
6.78,-0.35,12.94,-2.35
6.78,0.12,8.94,-1.88
6.79,-0.24,0.24,0
6.8,0.35,-5.77,1.18
6.8,0.59,-8.83,0.82
6.81,0.82,-19.18,2.59
6.82,0.94,-21.77,2.82
6.82,1.41,-27.18,3.88
6.83,1.65,-28.83,4
6.84,1.41,-30.48,4.59
6.84,1.65,-28.36,3.88
6.85,1.41,-24.6,2.71
6.86,1.06,-21.3,2.47
6.86,0.71,-14.24,1.65
6.87,0.47,-6.94,1.18
6.88,0.59,-2.59,0.24
6.88,0.24,2.94,-0.47
6.89,-0.24,6.94,-1.06
6.9,0,8.24,-0.82
6.9,-0.35,10,-1.77
6.91,-0.12,10,-1.53
6.92,0.12,5.65,-1.29
6.92,0.35,-3.65,0.94
6.93,0.35,-8.12,1.18
6.94,0.82,-10.59,1.41
6.94,1.06,-20.83,2.71
6.95,1.18,-24.48,3.06
6.96,1.53,-27.07,3.41
6.96,1.41,-28.83,3.77
6.97,1.77,-28.48,3.77
6.98,1.53,-26.6,4.24
6.98,1.29,-21.65,2.71
6.99,0.94,-16.36,1.88
7,0.35,-12,1.53
7.01,0.12,-4.82,0.24
7.01,0.47,0.71,0.12
7.02,0,3.65,-0.59
7.02,0,6.94,-1.06
7.03,1.77,7.88,-0.71
7.04,-0.35,8.36,-1.18
7.05,0.12,7.18,-1.53
7.05,0.47,0.35,0.71
7.06,0.35,-6.94,1.29
7.06,0.82,-8.71,1.29
7.07,0.82,-17.65,2.24
7.08,1.29,-20.36,2.71
7.09,1.53,-25.54,3.53
7.09,1.29,-26.95,3.65
7.1,1.53,-28.13,3.88
7.11,1.41,-26.36,3.06
7.11,1.18,-22.59,3.3
7.12,1.06,-19.89,2.71
7.12,0.71,-14.24,2.24
7.13,0.47,-7.3,0.94
7.14,0.35,-2.82,0.59
7.15,0.35,1.29,-0.35
7.15,0,4.94,-0.71
7.16,-0.35,6.71,-1.06
7.16,-0.12,6.94,-0.94
7.17,-0.12,7.06,-1.06
7.18,0.24,4.47,-1.18
7.19,0.35,-3.18,1.18
7.19,0.71,-8.12,1.65
7.2,0.59,-10.83,1.65
7.21,1.18,-19.18,2.94
7.21,1.41,-20.83,3.18
7.22,1.65,-25.65,3.18
7.23,1.65,-26.83,3.18
7.23,1.18,-26.6,3.88
7.24,1.53,-24.71,3.41
7.25,1.29,-20.36,2.94
7.25,0.82,-15.77,2
7.26,0.35,-12,1.65
7.27,0.24,-5.41,0.94
7.27,0.24,-0.59,-0.12
7.28,-0.12,2,-0.35
7.28,0,5.18,-0.47
7.29,-0.12,6.24,-0.82
7.3,-0.12,6.24,-0.71
7.31,0.24,3.77,-0.59
7.31,0.24,1.41,0.12
7.32,0.35,-4.94,0.59
7.32,0.59,-10.12,1.53
7.33,1.06,-14.24,1.88
7.34,1.29,-19.3,2.35
7.35,1.41,-23.54,2.82
7.35,1.53,-24.83,3.06
7.36,1.77,-25.65,3.53
7.37,1.53,-24.71,3.41
7.37,1.41,-22.95,3.06
7.38,0.94,-18.95,2.59
7.39,0.47,-13.53,1.65
7.39,0.71,-9.65,1.53
7.4,0.35,-4.24,0.94
7.41,0,0.59,-0.12
7.41,0.12,2.71,-0.24
7.42,0.24,4.47,-0.59
7.43,0.12,5.3,-0.82
7.43,0.12,4.82,-1.18
7.44,0.12,1.65,-0.12
7.45,0,-3.06,0.94
7.45,0.24,-6.24,1.18
7.46,0.47,-11.77,1.77
7.47,0.94,-17.18,2.47
7.47,0.82,-20.12,2.94
7.48,1.29,-23.65,3.18
7.49,1.65,-25.18,3.18
7.49,1.53,-25.18,3.18
7.5,1.41,-23.42,2.94
7.51,1.06,-19.65,2.71
7.51,0.82,-16.48,2.59
7.52,0.82,-11.77,1.88
7.53,0.82,-6.12,1.06
7.53,0.35,-2.59,0.35
7.54,0.24,1.18,-0.12
7.55,0.35,3.53,-0.24
7.55,0.24,4.35,-0.12
7.56,0.24,4.71,-0.82
7.57,0.12,2.12,0
7.57,0.24,-0.47,0
7.58,0.12,-4.59,0.94
7.59,0.24,-10,1.53
7.59,0.71,-14.24,2
7.6,1.18,-18.12,2.71
7.61,1.53,-22.01,3.18
7.61,1.65,-23.3,3.18
7.62,1.53,-24.24,3.18
7.63,1.41,-22.95,3.53
7.63,1.18,-21.54,3.18
7.64,1.06,-18.01,2.82
7.65,0.71,-12.94,2
7.65,0.59,-9.89,1.53
7.66,0.47,-4.59,1.06
7.67,0.12,-0.35,0
7.67,0.35,1.41,-0.12
7.68,0,3.18,-0.35
7.69,0.12,3.88,-0.94
7.69,0.24,2.94,-0.24
7.7,0.35,0.12,-0.35
7.71,0.35,-3.3,0.47
7.71,0.71,-6.59,1.29
7.72,0.94,-12.36,1.29
7.73,0.82,-16.24,2
7.73,1.06,-19.18,2.59
7.74,1.41,-22.12,2.82
7.75,1.41,-23.3,2.94
7.75,1.65,-23.42,2.71
7.76,1.06,-21.77,2.94
7.77,1.29,-18.59,2.12
7.78,1.06,-15.77,1.77
7.78,0.82,-11.53,2
7.79,0.94,-6.59,1.06
7.8,0.24,-3.53,1.06
7.8,0.12,0.24,-0.12
7.81,0.24,2.24,-0.82
7.82,0,2.71,0.12
7.82,0,2.59,-0.12
7.83,-0.12,0.59,0
7.84,0.47,-1.41,0.47
7.84,0.24,-4.94,0.71
7.85,0.47,-10.24,1.77
7.86,1.06,-13.65,2.24
7.86,1.41,-17.42,2.47
7.87,1.29,-20.59,3.06
7.88,1.65,-21.65,2.82
7.88,1.29,-22.59,2.47
7.89,1.18,-21.65,2.94
7.9,1.06,-20.12,2.47
7.9,0.71,-16.71,2.35
7.91,0.59,-12.59,1.77
7.92,0.71,-9.77,1.29
7.92,0.35,-4.94,1.29
7.93,0.24,-1.29,0.24
7.94,0.12,0.12,0
7.94,0,2.24,-0.35
7.95,-0.12,2.24,-0.12
7.96,0.12,1.53,-0.24
7.96,0.24,-0.71,0.47
7.97,0.35,-2.59,0.59
7.98,0.71,-6.94,0.71
7.98,0.82,-12.12,1.88
7.99,0.82,-14.36,2.12
8,1.18,-18.24,2.35
8,1.18,-20.71,2.94
8.01,1.29,-21.65,3.3
8.02,1.29,-22.01,3.18
8.02,0.82,-20.24,2.59
8.03,1.06,-17.53,2.47
8.04,0.82,-15.18,1.88
8.04,1.06,-11.06,1.53
8.05,0.82,-6.71,1.06
8.06,0.59,-3.88,0.94
8.06,0.24,-1.41,0.35
8.07,0.12,1.06,0.35
8.08,0.47,1.65,-0.24
8.08,0.24,1.18,-0.24
8.09,0.59,-1.77,0.12
8.1,0.35,-2.35,0.94
8.1,0.59,-5.53,1.18
8.11,0.82,-8.59,1.65
8.12,0.59,-13.18,2.12
8.12,1.18,-16.71,2.24
8.13,1.29,-18.71,2.71
8.14,1.41,-20.71,2.82
8.14,1.41,-21.42,2.94
8.15,1.41,-18.95,2.47
8.16,1.18,-18.83,2.59
8.16,0.94,-15.89,2.35
8.17,0.59,-12.12,2
8.18,0.47,-9.65,2
8.18,0.71,-5.65,1.06
8.19,0.59,-2.47,0.94
8.2,0.12,-0.71,0.47
8.2,0,0.59,0.47
8.21,0.12,0.94,0.12
8.22,0.12,0.24,0.71
8.22,0.47,-1.88,0.94
8.23,0.35,-3.77,0.82
8.24,0.47,-7.3,1.41
8.24,0.82,-11.41,2.24
8.25,0.71,-13.65,2.12
8.26,1.06,-17.3,3.06
8.26,1.06,-19.42,2.94
8.27,1.18,-20.48,3.06
8.28,0.94,-20.48,2.71
8.28,1.29,-19.06,2.94
8.29,1.18,-17.53,2.71
8.3,1.18,-14.59,2.24
8.3,0.59,-10.83,1.88
8.31,0.47,-8.12,1.41
8.32,0.82,-4.59,0.59
8.32,0.12,-2.12,0.71
8.33,0.24,-0.59,0.12
8.34,0.12,0.59,-0.24
8.34,0.35,0.12,0.24
8.35,0.24,-0.94,0.12
8.36,0.12,-3.3,0.71
8.36,0.82,-6.35,0.71
8.37,0.82,-8.83,1.18
8.38,1.18,-12.83,1.88
8.38,1.06,-16,2.12
8.39,1.41,-17.89,2.35
8.4,1.18,-19.42,3.06
8.4,1.06,-19.89,2.94
8.41,1.41,-19.77,2.82
8.42,0.71,-17.77,2.59
8.43,1.18,-15.06,1.88
8.43,0.71,-12.94,2
8.44,0.59,-9.41,1.65
8.44,0.59,-6,1.29
8.45,0.47,-3.77,0.82
8.46,0.24,-1.88,0.71
8.47,0.24,-0.71,0.59
8.47,0.47,-0.24,0.12
8.48,0.47,-1.18,0.59
8.48,0.12,-2.59,1.29
8.49,0.35,-4.35,1.18
8.5,0.35,-7.53,1.41
8.51,0.59,-11.77,1.88
8.51,0.59,-13.77,1.88
8.52,0.71,-16.71,2.71
8.52,1.06,-18.36,2.71
8.53,1.29,-19.3,2.59
8.54,1.06,-19.3,2.47
8.55,1.06,-18.01,2.24
8.55,1.18,-16.59,2.12
8.56,0.82,-14,1.88
8.56,0.71,-10.47,1.77
8.57,0.59,-8.12,1.53
8.58,0.12,-4.71,0.71
8.59,0.24,-2.47,0.82
8.59,0.24,-1.77,0.24
8.6,0.12,-0.82,0.47
8.6,0.24,-1.18,0.94
8.61,0.24,-2.35,0.71
8.62,-0.12,-3.77,0.59
8.63,0.24,-6.59,1.18
8.63,0.47,-9.06,1.41
8.64,0.71,-12.59,2
8.65,0.59,-15.3,2.47
8.65,1.06,-16.95,2.71
8.66,1.06,-18.12,2.71
8.67,1.18,-18.71,2.82
8.67,0.82,-18.12,2.24
8.68,0.94,-16.83,2.47
8.69,0.94,-14.36,2.47
8.69,0.82,-12.24,2.35
8.7,0.47,-9.3,1.77
8.71,0.35,-6.12,1.18
8.71,0.47,-4.24,0.59
8.72,0.35,-2.47,0.82
8.73,0,-1.06,0.47
8.73,0,-1.06,0.35
8.74,0.35,-2.35,0.47
8.75,0.24,-2.94,1.18
8.75,0.12,-5.3,1.65
8.76,0.71,-8.24,1.65
8.77,0.82,-10.12,1.88
8.77,0.71,-13.18,2
8.78,0.82,-16,2.24
8.79,1.06,-17.06,2.59
8.79,1.41,-18.01,2.82
8.8,0.94,-18.12,2.59
8.81,1.18,-17.06,2.59
8.81,1.06,-15.53,2.47
8.82,0.82,-13.18,2.12
8.83,0.94,-10.47,1.77
8.83,0.59,-8.24,1.06
8.84,0.47,-5.65,1.06
8.85,0.71,-3.3,0.94
8.85,0.35,-2.59,0.35
8.86,0.24,-2.12,0.71
8.87,0.59,-2.12,1.06
8.87,0.24,-2.71,0.82
8.88,0.47,-4.71,0.71
8.89,0.94,-6.24,1.18
8.89,0.47,-9.41,1.77
8.9,0.94,-12.24,2
8.91,0.82,-13.89,2.35
8.91,1.18,-16,2.35
8.92,1.29,-17.42,2.82
8.93,1.06,-17.77,2.59
8.93,1.18,-17.77,2.35
8.94,0.94,-16,2.24
8.95,0.82,-14.47,1.88
8.95,0.94,-11.89,1.77
8.96,0.94,-9.3,1.29
8.97,0.82,-6.59,1.29
8.97,0.71,-4.82,0.94
8.98,0.24,-2.94,0.59
8.99,0.59,-2.71,0.59
8.99,0,-2.47,0.71
9,0.59,-2.82,0.71
9.01,0.24,-3.3,0.47
9.01,0.59,-5.88,0.47
9.02,0.47,-8.71,1.41
9.03,0.82,-10.47,1.77
9.03,0.71,-13.18,1.41
9.04,0.82,-15.3,2
9.05,1.06,-16.24,2.59
9.05,1.41,-17.18,2.94
9.06,1.18,-17.18,2.82
9.07,1.18,-16.48,2
9.07,1.18,-14.71,1.88
9.08,0.94,-12.36,1.65
9.09,0.82,-11.06,1.53
9.1,0.59,-8.12,1.65
9.1,0.35,-6,1.06
9.11,0.35,-4.47,1.06
9.11,0.12,-3.18,0.59
9.12,0.35,-2.59,0.71
9.13,0.12,-2.71,0.47
9.14,0.12,-3.53,0.71
9.14,0.24,-5.53,0.59
9.15,0.59,-7.06,1.06
9.15,0.71,-9.89,1.65
9.16,1.06,-12,2
9.17,0.94,-13.77,2.35
9.18,0.71,-15.53,2.71
9.18,1.29,-16.36,2.47
9.19,1.06,-16.83,2.35
9.19,0.82,-16.59,2.12
9.2,0.94,-15.06,1.88
9.21,0.94,-13.89,1.88
9.22,0.71,-11.89,1.77
9.22,0.35,-8.83,2.24
9.23,0.24,-7.3,1.53
9.23,0.35,-5.3,1.29
9.24,0.24,-3.65,0.71
9.25,0.47,-3.18,0.59
9.26,0.12,-2.94,0.82
9.26,0.24,-4,0.35
9.27,0.35,-4.59,0.94
9.27,0.35,-6.59,1.41
9.28,0.35,-9.06,1.41
9.29,0.71,-10.47,1.65
9.3,0.94,-12.83,1.88
9.3,1.06,-14.59,2.12
9.31,0.71,-15.65,2.24
9.32,1.06,-16.24,2.59
9.32,0.94,-16.24,2.47
9.33,0.94,-15.89,2.35
9.34,0.71,-14.36,2.82
9.34,0.94,-11.89,2.24
9.35,0.82,-10.94,1.88
9.36,0.71,-8.59,1.41
9.36,0.59,-6,1.41
9.37,0.47,-4.71,1.18
9.38,0.47,-3.41,0.71
9.38,0.59,-3.06,1.18
9.39,0.94,-3.53,1.18
9.4,0.35,-4.35,0.71
9.4,0.35,-6,0.82
9.41,0.59,-7.3,1.29
9.42,0.71,-9.77,1.53
9.42,0.71,-11.89,2.12
9.43,0.35,-13.42,2.35
9.44,1.06,-14.71,2.35
9.44,1.18,-15.89,2.71
9.45,1.29,-16,2.35
9.46,0.82,-15.53,2.12
9.46,0.94,-14.24,2.47
9.47,0.82,-13.18,2.24
9.48,0.47,-11.18,2.12
9.48,0.47,-9.18,1.41
9.49,0.47,-7.53,1.41
9.5,0.71,-6,1.06
9.5,0.35,-4.59,0.82
9.51,0.24,-3.88,0.82
9.52,0.35,-1.65,0.82
9.52,1.06,-7.65,1.53
9.53,0.71,-7.53,1.29
9.54,0.47,-3.53,0.71
9.54,0.59,-12.24,2
9.55,0.82,-11.41,1.88
9.56,1.29,-10.83,1.53
9.56,0.59,-15.77,2.47
9.57,1.18,-16,2.71
9.58,1.53,-14.24,2.24
9.58,0.59,-16.71,2.47
9.59,0.71,-15.42,2.24
9.6,0.94,-12.12,1.77
9.6,0.94,-12.36,2
9.61,0.71,-11.18,1.88
9.62,0.71,-7.41,0.82
9.62,0.47,-6.59,1.06
9.63,0.59,-6.71,1.18
9.64,0.71,-3.53,0.94
9.65,0.24,-3.88,0.71
9.65,0.47,-5.41,0.94
9.66,0.12,-4.71,1.06
9.66,0.47,-6.12,1.53
9.67,0.35,-8.83,1.77
9.68,1.06,-9.53,1.29
9.68,0.82,-11.53,1.41
9.69,0.82,-13.65,1.88
9.7,0.94,-14.24,2.12
9.7,1.29,-14.59,2.35
9.71,1.06,-15.53,2.59
9.72,0.71,-14.71,2.24
9.72,0.71,-13.18,1.77
9.73,0.71,-13.06,1.65
9.74,0.82,-11.18,2
9.75,0.24,-8.12,1.53
9.75,0.59,-7.53,1.53
9.76,0.35,-6.59,1.06
9.76,0.59,-4,0.59
9.77,0.47,-4.35,0.94
9.78,0.59,-5.53,1.29
9.78,0.12,-4.35,1.18
9.79,0.35,-5.53,1.29
9.8,0.94,-8.12,1.29
9.81,0.94,-8.71,1.41
9.81,0.71,-10.36,1.41
9.82,0.82,-12.71,2
9.82,0.71,-13.77,1.88
9.83,0.94,-14,2.12
9.84,0.82,-15.65,2.35
9.85,0.94,-14.59,2.12
9.85,0.94,-14.12,2.47
9.86,0.47,-13.65,2.24
9.87,0.71,-11.41,1.88
9.87,0.59,-9.65,1.41
9.88,0.59,-8.59,1.29
9.89,0.47,-6.94,1.29
9.89,0.35,-5.41,1.18
9.9,0.47,-5.18,1.18
9.91,0.47,-5.06,1.18
9.91,0.24,-4.47,1.29
9.92,0.47,-6,0.59
9.93,0.59,-7.53,0.82
9.93,0.59,-8,1.88
9.94,0.59,-9.89,1.41
9.95,0.82,-12,2
9.95,0.94,-12.47,2.12
9.96,1.18,-13.77,1.88
9.97,0.82,-14.83,2.47
9.97,1.06,-14.47,2.47
9.98,1.06,-14.24,2.35
9.99,1.18,-13.42,1.88
9.99,0.94,-12.12,1.88
10,0.35,-10.24,1.88
10.01,0.47,-9.18,1.18
10.01,0.71,-7.77,1.53
10.02,0.59,-6,1.29
10.03,0.59,-5.88,1.29
10.03,0.24,-5.3,1.18
10.04,0.24,-4.59,1.06
10.05,0.24,-6.12,0.94
10.05,0.82,-6.59,1.18
10.06,0.59,-7.53,1.65
10.07,0.47,-9.65,2
10.07,0.82,-10.94,2
10.08,0.71,-12.12,2
10.09,0.94,-13.65,2.24
10.09,1.41,-14.24,2.59
10.1,1.29,-14.12,2.35
10.11,1.06,-14.12,2.35
10.11,1.29,-13.65,1.88
10.12,1.06,-12.59,1.29
10.13,0.94,-10.83,1.77
10.14,0.24,-9.65,1.41
10.14,0.47,-8.71,1.18
10.15,0.47,-7.18,1.18
10.15,0.24,-6.24,1.06
10.16,0.59,-5.41,1.41
10.17,0.35,-5.06,1.29
10.18,0.35,-5.88,1.06
10.18,0.59,-6.24,1.06
10.19,0.47,-7.53,1.53
10.19,0.59,-9.18,1.41
10.2,0.82,-9.89,1.65
10.21,0.94,-11.3,1.53
10.22,0.94,-12.94,1.88
10.22,1.06,-13.89,2.12
10.23,0.94,-13.89,2.24
10.23,0.94,-14.24,2.12
10.24,0.82,-13.18,2.12
10.25,0.82,-12.47,2.12
10.26,0.59,-11.65,1.77
10.26,0.47,-9.77,2
10.27,0.35,-8.94,1.41
10.28,0.94,-7.3,1.53
10.28,0.59,-6.59,1.18
10.29,0.71,-6,1.06
10.3,0.24,-5.41,0.94
10.3,0.59,-6,1.18
10.31,0.71,-6.47,0.94
10.32,0.82,-7.18,0.94
10.32,0.71,-8.59,1.53
10.33,0.59,-9.65,1.77
10.34,0.59,-10.71,2
10.34,0.82,-12.24,2
10.35,0.71,-12.94,2.24
10.36,0.94,-13.53,1.65
10.36,0.94,-13.89,1.77
10.37,0.94,-13.3,1.77
10.38,0.82,-12.47,1.77
10.39,0.59,-11.77,1.41
10.39,0.82,-10.59,1.65
10.4,0.59,-9.18,1.65
10.4,0.59,-8.12,1.29
10.41,0.47,-6.94,1.53
10.42,0.47,-6.47,1.53
10.43,0.82,-6.24,1.53
10.43,0.59,-6.47,1.06
10.44,0.35,-6.24,1.41
10.44,0.47,-7.3,1.29
10.45,0.35,-8.36,1.65
10.46,0.59,-11.18,1.41
10.47,0.94,-10.71,1.77
10.47,0.82,-11.77,1.77
10.48,0.94,-12.47,2.59
10.48,0.71,-12.94,1.88
10.49,0.59,-13.53,2.12
10.5,0.71,-13.3,2.24
10.51,0.71,-12.94,1.88
10.51,0.82,-11.89,1.77
10.52,0.82,-10.59,2.24
10.53,0.47,-9.65,1.77
10.53,0.71,-8.36,2
10.54,0.59,-7.3,1.65
10.55,0.59,-6.71,1.06
10.55,0.47,-6.59,0.71
10.56,0.71,-6.35,1.18
10.57,0.59,-6.47,1.29
10.57,1.06,-6.83,1.18
10.58,0.59,-8,1.53
10.59,0.47,-9.41,1.41
10.59,0.71,-10.12,1.53
10.6,0.71,-11.41,2
10.61,0.94,-12.12,1.88
10.61,0.94,-12.71,2.35
10.62,0.94,-13.42,2.24
10.63,0.71,-13.06,2.12
10.64,1.06,-12.47,2.24
10.64,0.82,-11.77,1.88
10.65,0.71,-10.83,1.77
10.65,0.47,-10.24,1.77
10.66,0.82,-8.71,1.18
10.67,0.59,-8,1.18
10.68,0.71,-6.83,1.53
10.68,0.71,-6.83,0.71
10.69,0.94,-6.59,0.94
10.69,0.47,-6.35,1.18
10.7,0.35,-7.06,1.06
10.71,0.59,-7.65,1.06
10.72,0.71,-8.71,1.29
10.72,0.71,-9.77,1.77
10.73,0.59,-10.71,1.88
10.73,0.82,-11.89,1.65
10.74,0.82,-12.24,2
10.75,0.82,-12.71,2.35
10.76,1.06,-12.94,2.24
10.76,0.59,-12.36,1.88
10.77,0.82,-12.12,1.53
10.78,0.94,-11.06,2
10.78,0.59,-10.36,1.53
10.79,0.94,-9.3,1.29
10.8,0.59,-8.47,1.29
10.8,0.59,-7.3,1.41
10.81,0.59,-6.83,1.06
10.82,0.47,-6.71,1.18
10.82,0.47,-6.83,1.41
10.83,0.35,-7.06,1.29
10.84,0.59,-7.88,1.18
10.84,0.71,-8.24,1.53
10.85,0.59,-9.53,1.65
10.86,0.71,-10.71,1.88
10.86,0.71,-11.77,2
10.87,0.59,-12.12,2
10.88,0.82,-12.71,2.12
10.89,0.82,-12.36,2
10.89,0.82,-12.36,2
10.9,0.82,-12.12,1.88
10.9,1.06,-11.06,1.65
10.91,0.82,-10.36,1.65
10.92,0.47,-9.65,1.53
10.93,0.71,-8.47,1.29
10.93,0.59,-7.88,1.53
10.94,0.71,-7.3,1.41
10.94,0.82,-6.83,1.29
10.95,0.35,-6.83,0.71
10.96,0.71,-7.06,1.18
10.97,0.59,-7.53,0.94
10.97,0.71,-8.36,1.65
10.98,0.71,-8.94,1.18
10.98,0.71,-10.59,1.41
10.99,0.71,-10.94,1.53
11,0.71,-11.53,1.65
11.01,0.47,-12.24,2
11.01,0.71,-12.36,1.65
11.02,0.82,-12.36,1.65
11.03,0.82,-12.36,1.88
11.03,1.06,-11.65,2
11.04,0.82,-10.59,2.12
11.05,0.71,-10.24,1.41
11.05,0.82,-9.3,1.29
11.06,0.71,-8.36,1.29
11.07,0.82,-7.65,1.41
11.07,0.71,-6.94,1.06
11.08,0.71,-7.06,1.41
11.09,0.47,-6.94,1.41
11.09,0.12,-7.41,1.29
11.1,0.82,-8.36,0.94
11.11,0.71,-8.59,1.41
11.11,0.47,-9.77,1.06
11.12,0.59,-10.83,1.53
11.13,0.71,-11.3,1.77
11.13,0.35,-12,2
11.14,0.71,-12,2
11.15,0.94,-12.12,1.29
11.15,0.94,-12.47,1.88
11.16,0.59,-12,2
11.17,0.71,-10.94,2.12
11.17,0.47,-10.47,1.88
11.18,0.47,-9.65,2
11.19,0.71,-8.59,1.29
11.19,0.59,-8.36,1.41
11.2,0.59,-7.53,1.53
11.21,0.35,-7.41,1.41
11.22,0.24,-7.06,1.65
11.22,0.59,-7.3,1.41
11.23,0.35,-8.12,1.41
11.23,0.47,-8.83,1.88
11.24,0.35,-9.65,1.41
11.25,0.47,-10.24,1.77
11.26,0.59,-10.83,1.65
11.26,0.71,-11.89,2
11.27,0.59,-12.12,1.53
11.28,0.59,-12.12,1.88
11.28,0.71,-12.12,2
11.29,0.82,-11.77,2
11.3,0.82,-10.94,1.77
11.3,0.71,-10.47,1.65
11.31,0.94,-9.65,1.88
11.32,0.59,-8.71,1.41
11.32,0.59,-8.47,1.53
11.33,0.47,-7.53,1.77
11.34,0.47,-7.18,1.29
11.34,0.59,-7.3,1.41
11.35,0.24,-7.77,1.53
11.36,0.47,-8.12,1.29
11.36,0.47,-8.24,1.18
11.37,0.59,-9.41,1.65
11.38,0.47,-10.36,1.53
11.38,0.47,-10.83,1.65
11.39,0.82,-11.18,1.65
11.4,0.47,-11.89,1.53
11.4,0.47,-12,2
11.41,0.47,-12,1.53
11.42,0.71,-11.77,2
11.42,0.59,-11.3,2.24
11.43,0.82,-10.36,1.41
11.44,0.94,-10.12,1.53
11.44,0.71,-8.94,1.53
11.45,1.06,-8.47,1.53
11.46,0.35,-8.36,1.29
11.47,0.47,-7.88,1.53
11.47,0.71,-7.53,1.53
11.48,0.82,-7.41,1.53
11.49,0.47,-8,1.06
11.49,0.71,-8.24,1.29
11.5,0.82,-9.18,1.41
11.51,0.71,-10,1.77
11.51,0.59,-10.36,1.65
11.52,0.82,-10.83,1.41
11.53,0.82,-11.65,1.65
11.53,1.18,-11.77,1.65
11.54,0.82,-12,1.77
11.55,0.82,-11.77,2.12
11.55,0.71,-11.06,1.65
11.56,0.59,-10.83,2
11.57,0.47,-10.24,1.53
11.57,0.94,-9.41,1.77
11.58,0.71,-8.83,1.65
11.59,0.47,-8.47,1.77
11.59,0.59,-7.88,1.41
11.6,0.59,-8.12,1.06
11.61,0.35,-7.77,1.41
11.61,0.59,-8.12,1.41
11.62,0.35,-8.59,1.41
11.63,0.71,-8.71,1.06
11.63,0.71,-9.65,1.65
11.64,0.47,-10.24,2
11.65,0.59,-10.59,1.88
11.65,0.82,-11.06,2
11.66,0.71,-11.65,2.12
11.67,0.71,-11.89,2.12
11.67,0.47,-11.65,2
11.68,1.18,-11.41,1.65
11.69,0.71,-11.06,1.65
11.69,0.47,-10.36,1.53
11.7,0.82,-9.89,1.41
11.71,0.71,-9.06,1.65
11.72,0.59,-8.47,1.53
11.72,0.35,-8.36,1.06
11.73,0.71,-8.12,1.18
11.74,0.47,-7.88,1.65
11.74,0.59,-8.36,1.41
11.75,0.35,-8.47,1.41
11.76,0.82,-8.47,2
11.76,0.59,-9.65,1.77
11.77,0.59,-10.12,1.65
11.78,0.47,-10.36,1.53
11.78,0.59,-10.83,1.88
11.79,0.94,-11.3,1.65
11.8,1.06,-11.53,1.53
11.8,0.71,-12,1.65
11.81,0.71,-11.18,2.12
11.82,0.59,-10.71,1.65
11.82,0.59,-10.36,1.65
11.83,0.71,-10.12,1.65
11.84,0.82,-9.06,1.53
11.84,0.94,-8.59,1.29
11.85,0.59,-8.36,1.65
11.86,0.59,-8.12,1.53
11.86,0.59,-8.12,1.77
11.87,0.94,-8.12,1.29
11.88,0.47,-8.36,1.06
11.88,0.71,-8.36,0.94
11.89,0.47,-8.94,1.06
11.9,0.47,-10,1.53
11.9,0.71,-10.12,1.77
11.91,0.94,-11.06,2.35
11.92,0.47,-11.18,1.77
11.92,0.59,-11.3,2.12
11.93,0.47,-11.53,2.12
11.94,0.47,-11.41,1.65
11.94,0.35,-10.94,2
11.95,1.06,-10.83,1.88
11.96,1.06,-10,1.65
11.97,0.82,-9.53,1.29
11.97,0.59,-9.06,1.53
11.98,0.59,-8.59,1.41
11.98,0.35,-8.36,1.18
11.99,0.47,-8.36,1.65
12,0.71,-8.36,1.29
12.01,0.82,-8.47,1.65
12.01,0.59,-8.59,1.18
12.02,0.59,-8.83,1.29
12.02,0.71,-9.77,1.29
12.03,0.82,-10.12,1.77
12.04,0.82,-10.47,1.77
12.05,0.59,-11.06,1.53
12.05,0.82,-11.53,1.77
12.06,0.59,-11.18,1.77
12.07,0.59,-11.3,1.53
12.07,0.71,-11.06,1.77
12.08,0.59,-10.59,1.88
12.09,0.47,-10.36,1.65
12.09,0.47,-9.89,1.65
12.1,0.59,-9.77,1.88
12.11,0.71,-8.71,1.29
12.11,0.59,-8.36,1.29
12.12,0.71,-8.47,1.29
12.13,0.59,-8.36,1.53
12.13,0.71,-8.47,1.41
12.14,0.94,-8.47,1.77
12.15,0.71,-8.59,1.65
12.15,0.47,-9.3,1.29
12.16,0.82,-10,1.53
12.17,0.59,-10.47,1.53
12.17,0.24,-10.59,2.12
12.18,0.82,-10.83,3.41
12.19,1.06,-11.06,1.77
12.19,0.82,-11.06,1.88
12.2,0.82,-11.3,1.77
12.21,0.71,-10.71,1.88
12.22,0.59,-10.47,1.65
12.22,0.82,-10.12,1.65
12.23,1.06,-9.77,1.77
12.23,0.71,-8.83,1.65
12.24,0.47,-8.59,1.41
12.25,0.59,-8.59,1.41
12.26,0.82,-8.47,1.18
12.26,0.47,-8.24,1.53
12.27,0.71,-8.36,1.18
12.27,0.47,-8.59,1.18
12.28,0.35,-9.18,2
12.29,0.59,-9.77,1.65
12.3,0.59,-10,1.77
12.3,0.82,-10.71,2
12.31,0.59,-10.71,1.65
12.32,0.82,-11.3,1.88
12.32,0.82,-10.71,1.65
12.33,1.06,-10.71,1.77
12.34,0.71,-10.59,1.65
12.34,0.94,-10.36,1.41
12.35,0.59,-10.12,1.41
12.36,0.71,-10.12,2
12.36,0.71,-9.41,1.65
12.37,0.71,-8.94,1.29
12.38,0.59,-8.47,1.41
12.38,0.71,-8.36,1.41
12.39,0.47,-8.36,1.06
12.4,0.71,-8.47,1.53
12.4,0.47,-8.71,2
12.41,0.71,-9.18,1.65
12.42,0.59,-9.53,1.65
12.42,0.59,-10,1.53
12.43,0.94,-10.36,1.88
12.44,0.82,-10.59,1.77
12.44,0.71,-10.59,1.29
12.45,0.59,-10.94,1.77
12.46,0.59,-10.94,1.77
12.47,0.71,-11.06,1.65
12.47,0.94,-10.47,1.77
12.48,0.82,-10.24,2
12.48,0.59,-9.89,1.88
12.49,0.82,-9.3,1.29
12.5,0.94,-8.94,1.18
12.51,0.59,-8.83,1.53
12.51,0.71,-8.47,1.65
12.52,0.35,-8.47,1.65
12.52,0.24,-8.24,1.53
12.53,0.71,-8.71,1.53
12.54,0.59,-8.71,1.65
12.55,0.82,-9.41,1.53
12.55,0.59,-9.77,1.41
12.56,0.59,-10.24,1.53
12.57,0.59,-10.71,1.88
12.57,0.94,-10.83,1.65
12.58,0.71,-10.83,2
12.59,0.59,-11.06,1.77
12.59,0.47,-10.83,1.88
12.6,0.71,-10.59,1.77
12.61,0.59,-10.36,1.65
12.61,0.59,-10.12,1.41
12.62,0.71,-10,1.88
12.63,0.47,-9.18,1.29
12.63,0.35,-8.71,1.53
12.64,0.35,-8.59,1.88
12.65,0.71,-8.59,1.06
12.65,0.35,-8.59,1.65
12.66,0.47,-8.59,1.88
12.67,0.59,-8.83,1.53
12.68,0.71,-9.18,1.41
12.68,0.71,-9.77,1.77
12.69,0.59,-10,2
12.69,0.94,-10.12,1.77
12.7,0.94,-10.24,1.65
12.71,0.47,-10.71,1.88
12.72,0.82,-10.47,2
12.72,0.94,-10.59,1.77
12.73,0.71,-10.59,1.53
12.73,0.71,-10.24,1.53
12.74,0.12,-10.36,1.65
12.75,0.59,-10.24,1.77
12.76,0.59,-9.3,1.77
12.76,0.94,-8.83,1.65
12.77,0.71,-8.94,2
12.78,0.71,-8.83,1.53
12.78,0.59,-8.59,1.41
12.79,0.71,-8.71,1.65
12.8,0.24,-8.71,1.29
12.8,0.47,-9.41,1.77
12.81,0.59,-9.3,1.29
12.82,0.59,-9.89,1.53
12.82,0.47,-10.24,2
12.83,0.71,-10.24,1.53
12.84,0.82,-10.47,1.77
12.84,0.82,-10.71,1.53
12.85,0.94,-10.59,1.77
12.86,1.06,-10.59,1.88
12.86,0.71,-10.24,1.77
12.87,0.47,-10.12,1.53
12.88,0.59,-10.12,1.65
12.88,0.47,-9.3,1.65
12.89,0.59,-9.3,1.53
12.9,0.35,-9.06,1.18
12.9,0.47,-8.59,1.53
12.91,0.35,-8.47,1.53
12.92,0.71,-8.83,2
12.92,0.71,-8.94,1.53
12.93,0.59,-8.83,1.53
12.94,0.82,-9.53,1.77
12.94,0.71,-9.89,1.88
12.95,1.06,-10.24,1.53
12.96,0.47,-10.24,2
12.96,0.59,-10.59,1.88
12.97,0.71,-10.71,1.65
12.98,0.82,-10.47,1.88
12.98,0.82,-10.59,1.88
12.99,0.59,-10.71,1.65
13,0.59,-10.24,1.65
13.01,0.94,-10.12,1.18
13.01,0.47,-9.41,1.41
13.02,0.71,-9.06,1.65
13.03,0.59,-9.06,1.88
13.03,0.47,-8.71,1.41
13.04,0.82,-8.47,1.53
13.05,0.94,-8.59,1.18
13.05,0.59,-8.47,1.29
13.06,0.47,-8.94,1.41
13.07,1.06,-9.41,1.65
13.07,0.82,-9.77,1.65
13.08,0.94,-10.12,1.65
13.09,0.47,-10.36,1.88
13.09,0.59,-10.36,1.77
13.1,0.35,-10.59,2.12
13.11,0.47,-10.71,1.88
13.11,0.59,-10.71,1.53
13.12,0.47,-10.47,1.77
13.13,0.47,-10.36,1.53
13.13,0.47,-10.12,1.41
13.14,0.71,-10,1.53
13.15,0.47,-9.41,1.53
13.15,0.82,-9.06,1.77
13.16,0.59,-8.83,1.29
13.17,0.71,-8.71,0.94
13.17,0.59,-8.83,1.77
13.18,0.71,-8.83,1.29
13.19,1.06,-9.18,1.18
13.19,0.59,-9.3,1.77
13.2,0.71,-9.3,1.41
13.21,0.59,-9.89,1.65
13.21,0.71,-10,1.65
13.22,1.18,-10.47,1.65
13.23,0.94,-10.36,1.53
13.23,0.82,-10.36,1.65
13.24,0.71,-10.36,1.77
13.25,0.59,-10.47,1.53
13.26,0.94,-10.36,1.41
13.26,1.06,-10.36,1.41
13.27,0.71,-10,1.29
13.28,0.82,-9.77,1.88
13.28,0.82,-9.18,1.88
13.29,0.82,-9.06,1.65
13.3,0.47,-8.83,2
13.3,0.35,-8.47,1.88
13.31,0.94,-8.83,1.77
13.32,0.47,-9.18,1.65
13.32,0.59,-9.06,1.53
13.33,0.71,-9.18,1.53
13.34,0.59,-9.89,1.65
13.34,0.82,-10,1.88
13.35,0.59,-10.12,2.12
13.36,1.06,-10.24,1.88
13.36,0.82,-10.47,1.88
13.37,0.71,-10.36,1.65
13.38,0.59,-10.24,2.12
13.38,0.59,-10.24,2
13.39,0.59,-10.36,1.53
13.4,0.47,-10,1.88
13.4,0.47,-9.53,1.29
13.41,0.71,-9.53,1.29
13.42,0.94,-9.41,1.77
13.42,0.94,-9.06,1.53
13.43,0.71,-8.83,1.65
13.44,0.59,-8.71,1.65
13.44,0.35,-9.06,1.77
13.45,0.71,-8.94,1.65
13.46,0.59,-9.3,1.65
13.46,0.82,-9.65,1.53
13.47,0.82,-9.89,1.18
13.48,0.82,-10.24,1.41
13.48,0.94,-10.36,1.77
13.49,0.82,-10.47,1.65
13.5,0.94,-10.47,1.53
13.51,0.59,-10.36,1.65
13.51,0.24,-10.36,1.29
13.52,0.71,-10.36,1.65
13.53,0.82,-10.24,1.41
13.53,0.59,-9.77,1.65
13.54,0.71,-9.89,1.06
13.55,0.71,-9.53,1.41
13.55,0.47,-8.94,1.88
13.56,0.47,-9.18,1.65
13.56,0.47,-9.06,1.18
13.57,0.71,-9.06,1.77
13.58,0.59,-9.3,1.53
13.59,0.71,-9.06,1.53
13.59,0.82,-9.65,1.65
13.6,0.59,-9.65,1.53
13.61,0.71,-10,1.53
13.61,0.59,-10.24,1.88
13.62,0.71,-10.36,2.12
13.63,0.71,-10.47,1.53
13.63,0.59,-10.36,1.29
13.64,0.71,-10.36,1.77
13.65,0.82,-10.36,1.88
13.65,0.59,-10.24,1.88
13.66,0.59,-10.12,2
13.67,0.82,-10,1.77
13.67,1.06,-9.77,1.65
13.68,0.59,-9.65,1.41
13.69,0.82,-9.18,1.29
13.69,0.35,-8.83,1.77
13.7,0.59,-9.18,1.29
13.71,0.59,-9.06,1.65
13.71,0.71,-9.53,1.88
13.72,0.24,-9.65,1.65
13.73,0.59,-10,1.41
13.73,0.71,-10,1.88
13.74,0.47,-10.24,1.53
13.75,0.71,-10.36,1.53
13.76,0.82,-10.47,1.41
13.76,1.06,-10.36,1.53
13.77,0.71,-10.47,2
13.77,0.71,-10.47,2
13.78,0.71,-10.24,1.65
13.79,0.71,-10.24,2.12
13.8,0.59,-9.89,1.65
13.8,0.59,-9.53,1.53
13.81,0.82,-9.3,1.65
13.81,1.18,-9.53,1.77
13.82,0.71,-9.06,1.41
13.83,0.59,-8.94,1.53
13.84,0.35,-9.18,1.65
13.84,0.47,-9.3,1.88
13.85,0.94,-9.41,1.65
13.86,0.71,-9.3,1.65
13.86,0.82,-9.77,1.53
13.87,0.71,-10.12,1.65
13.88,0.71,-10.24,1.65
13.88,0.71,-10.36,1.65
13.89,0.71,-10.47,1.77
13.9,0.59,-10.59,1.88
13.9,0.71,-10.36,1.65
13.91,0.47,-10.24,2
13.92,0.47,-10.12,2.24
13.92,0.82,-10,1.65
13.93,0.47,-10.12,1.77
13.94,0.71,-9.65,1.53
13.94,0.82,-9.06,1.29
13.95,0.35,-9.18,1.77
13.96,0.71,-8.94,1.18
13.96,0.59,-9.06,1.41
13.97,0.59,-8.94,1.06
13.98,0.47,-9.53,1.41
13.98,0.24,-9.89,1.65
13.99,0.12,-10,1.77
14,0.59,-10,1.77
14.01,0.71,-10.12,1.65
14.01,0.47,-10.12,1.41
14.02,0.71,-10.24,1.65
14.02,0.47,-10.47,1.65
14.03,0.82,-10.36,1.77
14.04,0.94,-10.24,1.65
14.05,0.59,-10,1.88
14.05,0.82,-9.89,1.65
14.06,0.94,-9.89,1.65
14.06,0.35,-9.65,1.88
14.07,0.59,-9.89,1.88
14.08,0.71,-9.3,1.77
14.09,0.59,-9.06,1.77
14.09,0.35,-9.18,1.65
14.1,0.12,-9.3,1.65
14.11,0.71,-9.65,1.53
14.11,0.47,-9.65,2
14.12,0.71,-9.65,2
14.13,0.59,-9.77,1.77
14.13,0.59,-9.89,1.65
14.14,0.94,-10.12,1.65
14.15,0.94,-10.36,1.65
14.15,0.59,-10.36,1.65
14.16,0.94,-10.12,1.77
14.17,0.71,-10.24,1.65
14.17,0.12,-10.24,1.88
14.18,0.47,-9.89,1.65
14.19,0.47,-10,1.29
14.19,0.71,-9.41,1.53
14.2,0.71,-9.77,1.53
14.21,0.94,-9.53,1.65
14.21,0.59,-9.53,1.41
14.22,0.94,-9.3,1.18
14.23,0.59,-9.3,1.53
14.23,0.35,-9.18,1.53
14.24,0.71,-9.77,1.65
14.25,0.82,-9.77,1.65
14.26,0.71,-10,1.53
14.26,0.59,-10.12,1.53
14.27,0.47,-10.24,1.65
14.27,0.47,-10.36,1.53
14.28,0.59,-10.24,1.18
14.29,0.59,-10.12,1.65
14.3,0.59,-10.24,1.77
14.3,0.82,-10.12,1.77
14.31,0.94,-10.24,1.65
14.31,0.82,-10,1.65
14.32,0.35,-10,1.41
14.33,0.82,-9.53,1.41
14.34,0.59,-9.53,1.41
14.34,0.71,-9.53,1.65
14.35,0.94,-9.18,1.53
14.36,0.59,-9.18,1.65
14.36,0.59,-9.41,1.65
14.37,0.82,-9.53,1.41
14.38,0.71,-9.41,1.65
14.38,0.82,-9.89,1.53
14.39,0.82,-9.89,1.77
14.4,0.82,-10.24,1.41
14.4,0.47,-10.24,1.65
14.41,0.94,-10.36,1.65
14.42,0.94,-10.59,0
14.42,0.59,-10.36,1.29
14.43,1.06,-10.24,1.53
14.44,1.18,-10.12,1.41
14.44,0.82,-10,1.18
14.45,0.94,-9.65,1.41
14.46,1.06,-10,1.06
14.47,0.71,-9.41,1.77
14.47,0.59,-9.53,1.41
14.48,0.59,-9.41,1.65
14.48,0.71,-9.3,1.29
14.49,0.59,-9.53,1.29
14.5,0.71,-9.41,1.65
14.5,0.82,-9.53,1.65
14.51,0.71,-9.77,1.77
14.52,0.71,-10,1.77
14.52,0.94,-10,1.88
14.53,0.47,-10.12,2
14.54,0.59,-10.24,1.18
14.55,0.94,-10.24,1.53
14.55,0.82,-10.24,1.65
14.56,0.71,-10.36,1.65
14.56,0.71,-10.24,1.29
14.57,0.71,-10.36,1.88
14.58,0.71,-9.89,1.88
14.59,0.47,-9.53,1.88
14.59,0.35,-9.41,1.77
14.6,0.59,-9.3,1.53
14.61,0.71,-9.06,1.65
14.61,0.71,-9.3,1.65
14.62,0.35,-9.3,1.77
14.63,0.59,-9.65,1.77
14.63,0.71,-9.77,1.53
14.64,0.82,-9.89,1.53
14.65,0.47,-9.89,1.53
14.65,0.59,-10,1.77
14.66,0.71,-10.36,1.77
14.67,0.59,-10.24,1.77
14.67,0.71,-10.24,1.53
14.68,0.47,-10.24,1.65
14.69,0.59,-10.24,1.65
14.69,0.71,-10,1.53
14.7,0.71,-10.24,1.53
14.71,0.71,-9.89,1.65
14.71,0.47,-10,1.29
14.72,0.59,-9.65,1.77
14.73,0.94,-9.89,1.53
14.73,0.47,-9.41,1.41
14.74,0.94,-9.53,1.53
14.75,1.06,-9.3,1.41
14.75,0.71,-9.3,1.18
14.76,0.59,-9.41,1.41
14.77,0.59,-9.77,1.65
14.77,0.47,-9.89,1.77
14.78,0.71,-9.77,1.65
14.79,0.71,-9.65,1.77
14.79,0.59,-10.12,2
14.8,0.94,-10.12,1.77
14.81,0.59,-10,1.65
14.81,0.71,-10.24,1.53
14.82,0.82,-10.24,1.41
14.83,1.06,-10.24,1.41
14.84,0.59,-9.89,1.65
14.84,0.59,-9.89,1.29
14.85,0.59,-9.89,2
14.86,0.47,-9.77,1.77
14.86,0.35,-9.3,1.77
14.87,0.71,-9.41,2
14.88,0.47,-9.3,1.53
14.88,0.71,-9.41,1.41
14.89,0.71,-9.3,1.29
14.9,0.82,-9.77,1.29
14.9,0.71,-9.65,1.88
14.91,0.71,-9.77,1.77
14.92,0.82,-10.12,1.53
14.92,0.47,-10.12,2
14.93,0.71,-10.24,1.65
14.94,0.71,-10.12,1.53
14.94,0.82,-10.24,2
14.95,0.71,-10.24,1.77
14.96,0.71,-10.12,1.77
14.96,0.82,-10,1.53
14.97,0.59,-10,1.53
14.98,0.71,-10,1.88
14.98,0.12,-9.53,1.53
14.99,0.71,-9.77,1.88
15,0.47,-9.65,1.65
15,0.12,-9.65,1.88
15.01,0.94,-9.18,1.06
15.02,0.94,-9.3,1.53
15.02,0.24,-9.77,1.77
15.03,0.35,-9.3,1.53
15.04,0.82,-9.53,1.53
15.04,0.82,-10,1.88
15.05,0.82,-10.12,1.41
15.06,0.94,-10,1.53
15.06,0.71,-10,1.41
15.07,0.59,-10.24,1.77
15.08,0.24,-10.24,1.53
15.09,0.47,-10.24,1.65
15.09,0.47,-10.12,1.41
15.1,0.47,-10,1.65
15.11,0.82,-9.89,1.88
15.11,0.94,-9.77,1.29
15.12,0.71,-9.77,1.88
15.13,0.59,-9.65,2.12
15.13,0.82,-9.53,1.53
15.14,0.47,-9.3,1.53
15.15,0.59,-9.3,1.53
15.15,0.47,-10,1.77
15.16,0.59,-9.41,1.65
15.17,0.71,-9.53,1.53
15.17,0.94,-9.89,1.77
15.18,0.82,-10,2.24
15.19,0.59,-9.77,1.65
15.19,0.94,-10.24,1.53
15.2,0.82,-10.36,1.53
15.21,0.82,-10.24,1.18
15.21,1.06,-10.24,1.77
15.22,0.94,-10.12,1.88
15.23,0.71,-10.12,1.77
15.23,0.71,-10.24,1.77
15.24,0.71,-10.12,1.53
15.25,0.82,-10.12,1.53
15.25,0.59,-9.77,1.88
15.26,0.71,-9.89,2
15.27,0.47,-9.53,1.65
15.27,0.59,-9.65,1.65
15.28,0.59,-9.53,1.65
15.29,0.71,-9.89,1.65
15.3,0.82,-9.77,1.65
15.3,1.06,-9.77,1.53
15.31,0.82,-10,1.65
15.31,0.59,-10,1.41
15.32,0.82,-10.12,1.53
15.33,0.94,-10.24,1.41
15.34,0.82,-10.12,1.65
15.34,1.18,-10.24,1.77
15.35,0.71,-10.24,1.77
15.35,0.59,-9.89,1.88
15.36,0.24,-9.89,1.53
15.37,0.24,-9.89,1.53
15.38,0.59,-9.77,1.29
15.38,0.82,-9.65,1.77
15.39,0.35,-9.18,1.65
15.4,0.47,-9.41,1.65
15.4,0.24,-9.53,1.41
15.41,0.59,-9.77,1.77
15.42,0.59,-9.77,1.41
15.42,0.71,-9.77,1.29
15.43,0.47,-10,2.24
15.44,0.59,-9.77,1.65
15.44,0.47,-10.24,1.29
15.45,0.35,-10.12,1.41
15.46,0.82,-10.24,1.65
15.46,0.71,-10.12,1.77
15.47,0.59,-10.24,1.65
15.48,0.59,-10.24,1.29
15.48,0.47,-10.12,1.65
15.49,0.71,-10.24,1.65
15.5,0.59,-9.89,1.88
15.5,0.47,-10.12,1.77
15.51,0.59,-9.65,1.65
15.52,0.47,-9.65,1.88
15.52,0.24,-9.65,1.18
15.53,0.12,-9.3,1.41
15.54,0.24,-9.41,1.65
15.55,0.47,-10,1.65
15.55,0.47,-9.89,1.77
15.56,0.71,-9.89,1.88
15.56,0.71,-10.24,1.53
15.57,0.82,-10.24,1.29
15.58,0.82,-10.12,1.65
15.59,0.94,-10.24,1.41
15.59,0.71,-10.24,1.65
15,,,